{
  "$schema": "https://schema.management.azure.com/schemas/2018-05-01/subscriptionDeploymentTemplate.json#",
  "contentVersion": "1.0.0.0",
  "parameters": {
    "resourceGroupName": {
      "type": "string",
      "defaultValue": "Bord",
      "metadata": {
        "_parameterType": "resourceGroup",
        "description": "Имя группы ресурсов для ресурса. Рекомендуется поместить ресурсы в одну группу ресурсов для более удобного отслеживания."
      }
    },
    "resourceGroupLocation": {
      "type": "string",
      "defaultValue": "northeurope",
      "metadata": {
        "_parameterType": "location",
        "description": "Расположение группы ресурсов. Группы ресурсов и ресурсы могут находиться в различных расположениях."
      }
    },
    "resourceLocation": {
      "type": "string",
      "defaultValue": "[parameters('resourceGroupLocation')]",
      "metadata": {
        "_parameterType": "location",
        "description": "Расположение ресурса. По умолчанию используется расположение группы ресурсов, если это не поддерживается поставщиком ресурсов."
      }
    }
  },
  "resources": [
    {
      "type": "Microsoft.Resources/resourceGroups",
      "name": "[parameters('resourceGroupName')]",
      "location": "[parameters('resourceGroupLocation')]",
      "apiVersion": "2019-10-01"
    },
    {
      "type": "Microsoft.Resources/deployments",
      "name": "[concat(parameters('resourceGroupName'), 'Deployment', uniqueString(concat('BordsDB', subscription().subscriptionId)))]",
      "resourceGroup": "[parameters('resourceGroupName')]",
      "apiVersion": "2019-10-01",
      "dependsOn": [
        "[parameters('resourceGroupName')]"
      ],
      "properties": {
        "mode": "Incremental",
        "template": {
          "$schema": "https://schema.management.azure.com/schemas/2019-04-01/deploymentTemplate.json#",
          "contentVersion": "1.0.0.0",
          "resources": [
            {
              "kind": "v12.0",
              "location": "[parameters('resourceLocation')]",
              "name": "bords",
              "type": "Microsoft.Sql/servers",
              "apiVersion": "2017-10-01-preview"
            },
            {
              "sku": {
                "name": "GP_S_Gen5",
                "tier": "GeneralPurpose",
                "family": "Gen5",
                "capacity": 1
              },
              "kind": "v12.0,user,vcore,serverless",
              "location": "[parameters('resourceLocation')]",
              "name": "bords/BordsDB",
              "type": "Microsoft.Sql/servers/databases",
              "apiVersion": "2017-10-01-preview",
              "dependsOn": [
                "bords"
              ]
            }
          ]
        }
      }
    }
  ],
  "metadata": {
    "_dependencyType": "mssql.azure"
  }
}